"","Fungi, Invertebrates","Fungi, Detritus","Bacteria, Invertebrates","Bacteria, Detritus"
"log(detritus_wt)",0.00240366248600258,0.111990316404605,0.0062509262724499,0.0321437115582591
"Diameter",0.0113269203486821,0.0265439834965598,0.0128224100482162,0.0230170651204348
"Height",0.00611028451808212,0.0219734235700257,0.0132923502333846,0.0304505017324099
"Complexity",0.010638699879746,0.00232500369200908,0.000493138138443099,0.0147493947102627
"Invertebrate_number",0.00102780238133463,0.0265324817629712,0.0245724552091208,0.0354437661462972
"pctC_detritus",0.0356037622837263,0.0304898106427038,0.00684067726162403,0.00974147676831913
"pctN_detritus",0.0227437398505204,0.00527596566974239,0.0151958519866526,0.0104054293198076
